,moda,mediana,media,desvio_padrao
PR,850.0,650.0,648.9612940496822,98.60718591309772
RS,850.0,650.0,651.1051428571428,95.1365984138357
SC,850.0,653.0,649.5376527422563,97.23349279343306
